statistic,point,ci_low,ci_high
gain_total,5.105,5.0,5.584
diff_P0P1,1.105,1.0,1.351
share_P0P1,21.647,20.0,24.778
diff_P1P2,3.017,3.0,3.502
share_P1P2,59.096,56.271,68.618
diff_P2P3,0.983,0.512,1.001
share_P2P3,19.257,10.0,20.0
share_P2_of_total,80.743,80.0,90.0
delta_P0P1,0.886,0.84,0.933
delta_P0P2,1.0,1.0,1.0
delta_P0P3,1.0,1.0,1.0
delta_P1P2,1.0,0.999,1.0
delta_P1P3,1.0,1.0,1.0
delta_P2P3,0.525,0.347,0.734
rho_acs,0.912,0.896,0.932
rho_acs_acs,1.0,1.0,1.0
rho_avg_cc,-0.771,-0.844,-0.685
rho_acs_avg_cc,-0.656,-0.786,-0.51
rho_mi,-0.631,-0.784,-0.425
rho_acs_mi,-0.67,-0.759,-0.57
rho_code_smells,-0.533,-0.706,-0.199
rho_acs_code_smells,-0.417,-0.693,0.039
rho_loc,0.945,0.923,0.964
rho_acs_loc,0.905,0.894,0.916
